<?xml version="1.0" encoding="UTF-8"?>
<project-private xmlns="http://www.netbeans.org/ns/project-private/1">
    <editor-bookmarks xmlns="http://www.netbeans.org/ns/editor-bookmarks/2" lastBookmarkId="0"/>
    <open-files xmlns="http://www.netbeans.org/ns/projectui-open-files/2">
        <group>
            <file>file:/C:/Users/Dusan/Documents/NetBeansProjects/CS103-PZ02-DusanPotic3432/src/main/Edge.java</file>
            <file>file:/C:/Users/Dusan/Documents/NetBeansProjects/CS103-PZ02-DusanPotic3432/src/main/Graph.java</file>
            <file>file:/C:/Users/Dusan/Documents/NetBeansProjects/CS103-PZ02-DusanPotic3432/src/main/Dijkstra.java</file>
            <file>file:/C:/Users/Dusan/Documents/NetBeansProjects/CS103-PZ02-DusanPotic3432/src/main/Node.java</file>
            <file>file:/C:/Users/Dusan/Documents/NetBeansProjects/CS103-PZ02-DusanPotic3432/src/main/Main.java</file>
        </group>
    </open-files>
</project-private>
